{
  "run_id": "RUN_1770632618404",
  "chain_id": 31337,
  "created_at": "2026-02-09T10:25:45.245Z",
  "head_block_start": 0,
  "head_block_end": 2472,
  "total_tx_requested": 2000,
  "user_count": 100,
  "shard_size": 5000,
  "checkpoint_every": 500,
  "snapshot_user_cap": 120,
  "tx_exported_success": 2004,
  "failures_count": 1,
  "notes": {
    "traces": "best-effort via debug_traceTransaction(callTracer); may be missing if node doesn't support",
    "derived": "neutral; no attacker labels included in TEAM_BUNDLE",
    "codes": "eth_getCode for all snapshotted addresses (contracts + bounded EOAs)",
    "token_meta": "ERC20 name/symbol/decimals for token contracts",
    "storage_snapshots": "targeted storage reads for key contract slots (safe, minimal)",
    "abi_export": "ABI files, bytecode, and address mappings in ABI/ directory"
  }
}